{
    "body_framepos": [
        [
            -0.0049896240234375,
            -0.0,
            0.014739990234375
        ],
        [
            -0.09454345703125,
            -0.0,
            0.0384521484375
        ],
        [
            -0.194091796875,
            -0.0,
            0.0535888671875
        ],
        [
            -0.294189453125,
            -0.0,
            0.06439208984375
        ],
        [
            -0.394287109375,
            -0.0,
            0.07293701171875
        ],
        [
            -0.494873046875,
            -0.0,
            0.07965087890625
        ],
        [
            -0.59521484375,
            -0.0,
            0.08514404296875
        ],
        [
            -0.69580078125,
            -0.0,
            0.08966064453125
        ],
        [
            -0.79638671875,
            -0.0,
            0.0931396484375
        ],
        [
            -0.89697265625,
            -0.0,
            0.095947265625
        ],
        [
            -0.99755859375,
            -0.0,
            0.09796142578125
        ],
        [
            -1.0986328125,
            -0.0,
            0.0992431640625
        ],
        [
            -1.19921875,
            -0.0,
            0.09991455078125
        ],
        [
            -1.2998046875,
            -0.0,
            0.09991455078125
        ],
        [
            -1.400390625,
            -0.0,
            0.0992431640625
        ],
        [
            -1.5009765625,
            -0.0,
            0.09796142578125
        ],
        [
            -1.6015625,
            -0.0,
            0.095947265625
        ],
        [
            -1.7021484375,
            -0.0,
            0.0931396484375
        ],
        [
            -1.802734375,
            -0.0,
            0.089599609375
        ],
        [
            -1.9033203125,
            -0.0,
            0.08514404296875
        ],
        [
            -2.00390625,
            -0.0,
            0.07958984375
        ],
        [
            -2.103515625,
            -0.0,
            0.07275390625
        ],
        [
            -2.205078125,
            -0.0,
            0.0643310546875
        ],
        [
            -2.3046875,
            -0.0,
            0.05322265625
        ],
        [
            -2.404296875,
            -0.0,
            0.037750244140625
        ]
    ],
    "body_framequat": [
        [
            0.9921875,
            0.0,
            0.125,
            0.0
        ],
        [
            0.9970703125,
            0.0,
            0.073974609375,
            0.0
        ],
        [
            0.99853515625,
            0.0,
            0.05316162109375,
            0.0
        ],
        [
            0.9990234375,
            0.0,
            0.0418701171875,
            0.0
        ],
        [
            0.99951171875,
            0.0,
            0.033294677734375,
            0.0
        ],
        [
            0.99951171875,
            0.0,
            0.0270843505859375,
            0.0
        ],
        [
            1.0,
            0.0,
            0.022003173828125,
            0.0
        ],
        [
            1.0,
            0.0,
            0.0171966552734375,
            0.0
        ],
        [
            1.0,
            0.0,
            0.0140838623046875,
            0.0
        ],
        [
            1.0,
            0.0,
            0.009857177734375,
            0.0
        ],
        [
            1.0,
            0.0,
            0.006328582763671875,
            0.0
        ],
        [
            1.0,
            0.0,
            0.003246307373046875,
            0.0
        ],
        [
            1.0,
            0.0,
            -8.046627044677734e-06,
            0.0
        ],
        [
            1.0,
            0.0,
            -0.0032196044921875,
            0.0
        ],
        [
            1.0,
            0.0,
            -0.006450653076171875,
            0.0
        ],
        [
            1.0,
            0.0,
            -0.009735107421875,
            0.0
        ],
        [
            1.0,
            0.0,
            -0.01396942138671875,
            0.0
        ],
        [
            1.0,
            0.0,
            -0.017425537109375,
            0.0
        ],
        [
            1.0,
            0.0,
            -0.0218963623046875,
            0.0
        ],
        [
            0.99951171875,
            0.0,
            -0.027099609375,
            0.0
        ],
        [
            0.99951171875,
            0.0,
            -0.03375244140625,
            0.0
        ],
        [
            0.9990234375,
            0.0,
            -0.041046142578125,
            0.0
        ],
        [
            0.99853515625,
            0.0,
            -0.053985595703125,
            0.0
        ],
        [
            0.9970703125,
            0.0,
            -0.07330322265625,
            0.0
        ],
        [
            0.9921875,
            0.0,
            -0.1260986328125,
            0.0
        ]
    ],
    "joint_geom_framepos": [
        [
            -0.10186767578125,
            -0.0,
            0.03955078125
        ],
        [
            -0.2008056640625,
            -0.0,
            0.054290771484375
        ],
        [
            -0.30029296875,
            -0.0,
            0.06494140625
        ],
        [
            -0.39990234375,
            -0.0,
            0.07330322265625
        ],
        [
            -0.49951171875,
            -0.0,
            0.0799560546875
        ],
        [
            -0.599609375,
            -0.0,
            0.0853271484375
        ],
        [
            -0.69921875,
            -0.0,
            0.08978271484375
        ],
        [
            -0.79931640625,
            -0.0,
            0.09320068359375
        ],
        [
            -0.8994140625,
            -0.0,
            0.09600830078125
        ],
        [
            -0.99951171875,
            -0.0,
            0.09796142578125
        ],
        [
            -1.099609375,
            -0.0,
            0.0992431640625
        ],
        [
            -1.19921875,
            -0.0,
            0.09991455078125
        ],
        [
            -1.298828125,
            -0.0,
            0.09991455078125
        ],
        [
            -1.3994140625,
            -0.0,
            0.0992431640625
        ],
        [
            -1.4990234375,
            -0.0,
            0.09796142578125
        ],
        [
            -1.599609375,
            -0.0,
            0.09600830078125
        ],
        [
            -1.69921875,
            -0.0,
            0.09320068359375
        ],
        [
            -1.798828125,
            -0.0,
            0.0897216796875
        ],
        [
            -1.8994140625,
            -0.0,
            0.08538818359375
        ],
        [
            -1.9990234375,
            -0.0,
            0.0799560546875
        ],
        [
            -2.099609375,
            -0.0,
            0.07318115234375
        ],
        [
            -2.19921875,
            -0.0,
            0.06500244140625
        ],
        [
            -2.296875,
            -0.0,
            0.05419921875
        ],
        [
            -2.396484375,
            -0.0,
            0.039581298828125
        ]
    ],